idTweet	hashtag	hashtagBrut	indiceStart	indiceEnd
671748632434053120	socionoel	SocioNoel	106	116
671978282762432512	socionoel	SocioNoel	97	107
671976662251274240	socionoel	SocioNoel	63	73
671975980685242368	socionoel	SocioNoel	16	26
671975980685242368	culturalstudies	culturalstudies	99	115
671650125563994113	socionoel	SocioNoël	30	40
671974976837320704	socionoel	SocioNoël	0	10
671974976837320704	genre	genre	41	47
671973897626066944	culture	culture	74	82
671973897626066944	socionoel	SocioNoel	84	94
671973897626066944	mustread	mustread	95	104
671973545912725504	socionoel	SocioNoel	0	10
671972289899044864	socionoel	SocioNoel	26	36
671971334428184576	socionoel	SocioNoel	26	36
671969184297918464	socionoel	SocioNoel	0	10
671968354496811008	socionoel	SocioNoel	37	47
671967140346507264	socionoel	SocioNoel	24	34
671967140346507264	anthroponoel	anthroponoel	68	81
671968269583179776	socionoel	SocioNoel	37	47
671968226100838400	socionoel	SocioNoël	98	108
671968226100838400	day2	Day2	109	114
671967708297240576	socionoel	SocioNoel	0	10
671964593607036928	socionoel	SocioNoel	0	10
671963062891651072	socionoel	SocioNoël	0	10
671961049491447808	socionoel	SocioNoel	47	57
671844345201434625	socionoel	SocioNoel	38	48
671826657204899840	socionoel	SocioNoel	13	23
671826657204899840	excusesociologiques	excusesociologiques	88	108
671826657204899840	valls	Valls	112	118
671793417438035971	socionoel	SocioNoël	12	22
671764059197464576	socionoel	SocioNoël	43	53
671752871294189571	socionoel	SocioNoel	8	18
671741699635458049	socionoel	SocioNoel	82	92
671954466254532608	socionoel	SocioNoel	0	10
671953788215914500	socionoel	SocioNoel	76	86
671934591335317504	socionoel	SocioNoel	63	73
671828567135776768	socionoel	SocioNoël	2	12
671824878920683520	socionoel	SocioNoel	15	25
671821435447316480	socionoel	SocioNoel	119	129
671811354827874305	socionoel	SocioNoel	99	109
671809528640503811	socionoel	socionoel	46	56
671795520051027970	socionoel	SocioNoel	0	10
671784170708975617	socionoel	SocioNoel	52	62
671784170708975617	anthroponoel	AnthropoNoel	85	98
671783451746394112	socionoel	SocioNoel	128	138
671774446135455745	socionoel	SocioNoel	81	91
671766475171041286	socionoel	SocioNoel	0	10
671766102209380356	socionoel	socionoel	14	24
671765810986287108	socionoel	SocioNoel	0	10
671754952629424128	socionoel	SocioNoel	16	26
671748321007042561	socionoel	socionoël	27	37
671746473890095105	socionoel	SocioNoel	41	51
671746473890095105	dauphins	dauphins	52	61
671746473890095105	tumetonnequepbnapaseusuccesenitalie	tumetonnequePBnapaseusuccesenItalie	62	98
671746473890095105	reception	reception	99	109
671746348018864128	socionoel	socionoel	0	10
671746292368998401	socionoel	socionoel	0	10
671745107553595392	socionoel	SocioNoel	43	53
671745107553595392	l1staps	L1Staps	101	109
671743664268386305	socionoel	SocioNoel	0	10
671742644662493184	socionoel	SocioNoel	0	10
671742085737902081	socionoel	SocioNoel	0	10
671742071112380416	socionoel	SocioNoel	0	10
671741694379978753	socionoel	SocioNoel	59	69
671741597244071937	socionoel	SocioNoel	0	10
671741509906092033	socionoel	SocioNoel	46	56
671741021781401600	socionoel	SocioNoel	14	24
671741263482363904	socionoel	SocioNoel	4	14
671740918358241280	socionoel	SocioNoel	100	110
671740689466728452	socionoel	SocioNoel	33	43
671740566409977856	socionoel	SocioNoel	0	10
671740546461904896	socionoel	SocioNoel	93	103
671738712460500992	socionoel	SocioNoel	12	22
671737889882038272	socionoel	SocioNoël	107	117
671733263069814784	socionoel	SocioNoel	39	49
671733240886087681	socionoel	SocioNoël	0	10
671733240886087681	attentat	attentat	131	140
671732792720539653	socionoel	SocioNoel	0	10
671724822297210881	socionoel	socionoel	5	15
671724354707828737	socionoel	SocioNoel	0	10
671723463946715136	socionoel	SocioNoel	53	63
671722764231966724	socionoel	SocioNoel	18	28
671722049338015745	socionoel	SocioNoel	77	87
671720646389428224	socionoel	SocioNoel	10	20
671720134243930112	socionoel	SocioNoel	72	82
671718846131281920	socionoel	SocioNoel	55	65
671717664616763392	badiou	Badiou	97	104
671717664616763392	socionoel	SocioNoel	105	115
671715127759151105	socionoel	SocioNoel	0	10
671714495941771267	socionoel	SocioNoel	29	39
671713894365339652	socionoel	SocioNoel	34	44
671711835633156096	socionoel	SocioNoel	69	79
671704792989900800	cartekiwi	CarteKiwi	88	98
671711598667505664	socionoel	SocioNoel	0	10
671710387218333696	socionoel	SocioNoel	21	31
671710313251741696	sorcellerie	Sorcellerie	75	87
671710313251741696	socionoel	SocioNoel	88	98
671709437745340417	socionoel	SocioNoel	126	136
671709044424515584	socionoel	socionoel	107	117
671707874180128768	socionoel	SocioNoel	127	137
671707839677792256	socionoel	socioNoël	103	113
671705969311789056	socionoel	SocioNoël	0	10
671694965743972352	socionoel	SocioNoel	0	10
671694741310988288	socionoel	SocioNoel	106	116
671688288944656385	socionoel	socionoel	0	10
671687820000501760	socionoel	SocioNoel	64	74
671679406428061696	socionoel	SocioNoël	16	26
671678273886232576	socionoel	SocioNoel	92	102
671677411642245120	socionoel	SocioNoel	86	96
671672939213922304	socionoel	SocioNoel	0	10
671672939213922304	day1	day1	11	16
671674675806760960	socionoel	SocioNoel	0	10
671670236597342208	socionoel	SocioNoël	63	73
671670236597342208	socionoel	SocioNoël	127	137
671599423508652032	socionoel	SocioNoel	15	25
671594339118751744	socionoel	SocioNoel	65	75
671437633722163200	socionoel	SocioNoel	87	97
671420824625283072	socionoel	socionoël	18	28
671675264649338880	socionoel	SocioNoel	0	10
671671019267035136	histoiredesideesnoel	HistoireDesIdéesNoel	4	25
671671019267035136	socionoel	SocioNoel	67	77
671673581265420289	socionoel	SocioNoel	105	115
671638928085155840	socionoel	SocioNoel	4	14
671638604855291904	socionoel	SocioNoel	77	87
671638089035587584	socionoel	socionoel	30	40
671630066359640064	socionoel	socionoel	88	98
671625010725933056	socionoel	socionoel	119	129
671626587683610624	socionoel	SocioNoel	127	137
671626343419801600	socionoel	SocioNoel	65	75
671617680080814080	socionoel	socionoel	122	132
671616915102695424	socionoel	socionoel	56	66
671602324436099072	socionoel	socionoel	0	10
671409437391851520	socionoel	socionoel	72	82
671601082276163584	socionoel	socionoel	16	26
671597385227878400	socionoel	SocioNoel	0	10
671597096475213825	socionoel	SocioNoël	15	25
671593708479975424	socionoel	SocioNoel	0	10
671596107391229952	socionoel	SocioNoel	128	138
671398216546590720	socionoel	Socionoël	25	35
671397226489495552	socionoel	SocioNoël	49	59
673030122543439872	socionoel	SocioNoel	67	77
671710000876822528	socionoel	SocioNoel	0	10
675053385742200832	socionoel	SocioNoel	15	25
678873949229445120	socionoel	SocioNoel	94	104
678873949229445120	philonoel	PhiloNoel	105	115
672003637078532096	socionoel	socionoel	0	10
672003637078532096	culture	culture	74	82
672339885118889984	socionoel	SocioNoel	82	92
676112037999677441	socionoel	SocioNoel	0	10
678872995495075840	socionoel	SocioNoel	0	10
678872995495075840	souffrance	Souffrance	14	25
678872995495075840	distance	Distance	28	37
678872995495075840	boltanski	Boltanski	62	72
678872995495075840	actualite	Actualite	95	105
672705378191343618	socionoel	SocioNoel	60	70
672807231088381954	djendeur	djendeur	24	33
672807231088381954	socionoel	SocioNoel	38	48
672853666513207296	socionoel	SocioNoel	98	108
673184733052993536	socionoel	SocioNoel	10	20
673402665808871425	socionoel	SocioNoel	65	75
673427557438627840	socionoel	SocioNoel	4	14
673496510944948224	socionoel	SocioNoel	0	10
673496510944948224	day5	Day5	11	16
673791843700776960	socionoel	SocioNoel	68	78
674149139287011328	socionoel	SocioNoel	59	69
675820638670626817	socionoel	SocioNoel	0	10
675820638670626817	onpc	ONPC	77	82
677237642677891072	socionoel	SocioNoel	0	10
674512595118923776	socionoel	SocioNoel	75	85
677238246280179713	socionoel	SocioNoel	0	10
674875744321978368	socionoel	SocioNoel	81	91
674933659254812673	socionoel	SocioNoel	0	10
674933659254812673	day9	day9	54	59
674933659254812673	lahire	Lahire	100	107
675240153103900673	socionoel	SocioNoel	54	64
678247923096928256	socionoel	SocioNoel	129	139
675567664253698049	socionoel	SocioNoel	58	68
679324138675314690	socionoel	SocioNoel	75	85
679016915310899200	socionoel	SocioNoel	0	10
676516775199154180	socionoel	SocioNoel	0	10
676516775199154180	day12	Day12	11	17
676516775199154180	article	article	114	122
675948746836979713	socionoel	SocioNoel	0	10
675944054971043840	socionoel	SocioNoel	45	55
679224206912061440	socionoel	SocioNoel	0	10
676371182149574660	lt	LT	0	3
676371327683592193	socionoel	SocioNoel	0	10
676712116305403904	socionoel	SocioNoel	61	71
676753630884667392	socionoel	SocioNoel	0	10
679592883234684929	socionoel	SocioNoel	0	10
677087083744403456	socionoel	SocioNoel	0	10
679603459830755328	socionoel	SocioNoel	0	10
677373089026584576	socionoel	SocioNoel	65	75
679604166025678848	socionoel	SocioNoel	0	10
677727541252251648	socionoel	SocioNoel	52	62
677798246685765633	socionoel	SocioNoel	0	10
678162733951504384	socionoel	SocioNoel	0	10
678264531576057856	socionoel	SocioNoel	52	62
678466782731116544	socionoel	SocioNoel	44	54
678885701765750784	socionoel	SocioNoel	30	40
678912051562070016	socionoel	SocioNoel	57	67
678972223290523652	socionoel	SocioNoel	68	78
679829492655853568	socionoel	SocioNoel	0	10
679830104231526402	socionoel	SocioNoel	0	10
680017751080103940	socionoel	SocioNoel	0	10
680040955974692864	socionoel	SocioNoel	4	14
680164333213597696	philonoel	Philonoel	92	102
680164333213597696	socionoel	SocioNoel	103	113
680166388711997442	philonoel	PhiloNoel	95	105
680166388711997442	socionoel	SocioNoel	106	116
677490719838334976	socionoel	socionoel	122	132
677490160301441024	socionoel	SocioNoel	15	25
677490160301441024	russie	Russie	87	94
677478472164491265	socionoel	SocioNoël	0	10
677465166552948736	socionoel	SocioNoël	126	136
677452484797997056	socionoel	SocioNoël	0	10
677443370210500608	socionoel	SocioNoel	11	21
677438686598987776	socionoel	SocioNoel	0	10
677438686598987776	apprentissage	apprentissage	77	91
677437667198541824	socionoel	SocioNoël	82	92
677435820219965441	socionoel	SocioNoel	8	18
677432291887591428	socionoel	SocioNoël	0	10
677426359266881536	socionoel	SocioNoel	0	10
677421588057366528	socionoel	SocioNoel	0	10
677417739728904192	socionoel	SocioNoel	23	33
677393404658061312	socionoel	SocioNoel	0	10
685497476476989440	vendredilecture	VendrediLecture	0	16
685497476476989440	socionoel	socionoel	17	27
685497476476989440	geo	geo	28	32
685497476476989440	ville	ville	33	39
685497476476989440	urbanisme	urbanisme	40	50
685497476476989440	debry	Debry	63	69
685493570275536897	socionoel	socionoel	61	71
685374946420330496	ff	FF	0	3
685374946420330496	socionoel	socionoel	33	43
685374946420330496	ideelectures	idéelectures	58	71
684106519160422405	socionoel	SocioNoel	14	24
684113394937495556	socionoel	socionoel	53	63
681503491425173504	socionoel	SocioNoel	0	10
681142300609622016	socionoel	Socionoël	25	35
680856869750050816	ايهاب_امير_يستحق_اللقب	ايهاب_امير_يستحق_اللقب	24	47
680856869750050816	staracarabia	staracarabia	48	61
680856869750050816	ihabamir	IhabAmir	63	72
680856869750050816	ibtissamtiskat	IbtissamTiskat	73	88
680856869750050816	maroc	Maroc	89	95
680856869750050816	bonneannee2016	BonneAnnee2016	97	112
680856869750050816	starwars	StarWars	114	123
680856869750050816	socionoel	SocioNoel	125	135
680750576104255488	socionoel	SocioNoel	43	53
677539496750161923	socionoel	SocioNoel	0	10
677523204244656128	socionoel	SocioNoel	0	10
677515510049841152	socionoel	SocioNoel	3	13
677499753651945474	socionoel	SocioNoel	0	10
677499753651945474	day17	Day17	11	17
675445001833304064	csoj	CSOJ	3	8
675445001833304064	socionoel	SocioNoel	90	100
675445001833304064	day11	day11	101	107
675433346021855232	socionoel	SocioNoel	0	10
675366376190668800	socionoel	SocioNoël	127	137
675361950545653760	socionoel	SocioNoel	126	136
675358085477724160	socionoel	SocioNoel	69	79
675355657269288960	socionoel	SocioNoel	90	100
675349128906416128	socionoel	SocioNoel	15	25
675349128906416128	teampauvre	TeamPauvre	68	79
675348456928616449	socionoel	SocioNoel	106	116
675348736478957574	socionoel	SocioNoel	86	96
675340301981085700	socionoel	SocioNoel	123	133
675331998785912834	socionoel	SocioNoël	47	57
675330722329206785	socionoel	SocioNoel	8	18
675324811594309636	socionoel	SocioNoel	0	10
675324888752762881	socionoel	SocioNoel	0	10
675320699444191233	socionoel	SocioNoel	0	10
675320699444191233	day11	Day11	11	17
675320658310651904	socionoel	SocioNoël	10	20
675320658310651904	dedicace	dédicace	43	52
675320658310651904	durkheim	Durkheim	71	80
675320658310651904	sociologie	Sociologie	81	92
675311118768828416	socionoel	SocioNoel	0	10
675254694097362944	socionoel	SocioNoel	0	10
675254694097362944	bateson	Bateson	12	20
675069438052442112	socionoel	Socionoel	72	82
675067125292261376	socionoel	SocioNoël	37	47
675307885581230080	socionoel	SocioNoel	0	10
675296450570530816	socionoel	SocioNoël	109	119
675292649860018176	socionoel	SocioNoel	0	10
675291948253597697	socionoel	SocioNoel	0	10
675292570382180352	socionoel	SocioNoel	0	10
675291457301962752	socionoel	SocioNoel	102	112
675290738624749568	mathieurigouste	MathieuRIGOUSTE	15	31
675290738624749568	socionoel	SocioNoel	45	55
675278890395262976	socionoel	SocioNoel	0	10
675278890395262976	socialisation	socialisation	85	99
675278226835439617	socionoel	SocioNoel	71	81
675271236251992065	socionoel	SocioNoel	52	62
675271236251992065	day11	Day11	63	69
675266775509032960	socionoel	SocioNoel	98	108
675258232533839872	socionoel	SocioNoël	11	21
675257014071795712	socionoel	SocioNoel	17	27
675246931933798400	socionoel	SocioNoel	105	115
675255934583746560	ff	FF	0	3
675255934583746560	socionoel	SocioNoel	96	106
675254214327709696	socionoel	SocioNoel	0	10
675243196830638080	socionoel	SocioNoel	79	89
675239084839837696	socionoel	SocioNoel	0	10
675239084839837696	siderations	Sidérations	67	79
675238376816189440	socionoel	SocioNoel	0	10
675232531613130752	socionoel	SocioNoel	24	34
675222983527518209	socionoel	SocioNoel	0	10
675225375149047809	socionoel	SocioNoel	54	64
675225055547301891	socionoel	SocioNoel	0	10
675222433620762624	socionoel	SocioNoel	45	55
675206716947095553	vendredilecture	VendrediLecture	0	16
675206716947095553	socionoel	SocioNoel	98	108
675197696202919936	socionoel	SocioNoel	0	10
675096098982219776	socionoel	SocioNoel	3	13
675073632822042624	socionoel	SocioNoel	0	10
675072640541990912	socionoel	SocioNoel	4	14
675069592373469185	socionoel	SocioNoël	0	10
675060096553086980	socionoel	SocioNoel	0	10
675060096553086980	day10	Day10	11	17
675056398640783363	socionoel	SocioNoel	33	43
675054146467332097	socionoel	SocioNoel	59	69
675054084806832128	socionoel	SocioNoel	103	113
675052041081888771	socionoel	SocioNoel	83	93
675043151363645440	socionoel	SocioNoel	4	14
675042518367629314	lt	LT	0	3
675042518367629314	socionoel	SocioNoel	10	20
675041553925193729	socionoel	SocioNoel	10	20
675035588563746816	socionoel	SocioNoel	105	115
675012310746943489	socionoel	SocioNoel	0	10
674997174661345280	socionoel	SocioNoel	0	10
674983480258863104	socionoel	SocioNoel	53	63
674978974221656064	sport	Sport	0	6
674978974221656064	socionoel	SocioNoel	24	34
673843606113906688	socionoel	SocioNoel	0	10
674956904125341697	socionoel	SocioNoël	0	10
674940253506035716	socionoel	SocioNoel	0	10
674935524755431424	socionoel	SocioNoel	0	10
674935524755431424	day10	Day10	11	17
674935922769698816	socionoel	SocioNoel	0	10
674935347801931776	socionoel	SocioNoel	0	10
674934670493118464	socionoel	SocioNoel	0	10
674934670493118464	day10	Day10	11	17
674934670493118464	suaud	Suaud	56	62
674932732061962240	socionoel	SocioNoel	104	114
674926853946253313	socionoel	SocioNoel	67	77
674921303623749632	socionoel	SocioNoel	22	32
674921303623749632	day10	Day10	33	39
674917729061765120	socionoel	SocioNoel	6	16
674911743513075712	socionoel	SocioNoel	0	10
674907138091819008	socionoel	SocioNoel	51	61
674903133009637376	philonoel	PhiloNoel	33	43
674903332725637120	philonoel	PhiloNoël	24	34
674903645385842689	socionoel	SocioNoël	0	10
674903131008974848	socionoel	SocioNoel	0	10
674903131008974848	mustread	mustread	51	60
674902776208601088	socionoel	SocioNoel	0	10
674902776208601088	philonoel	PhiloNoel	32	42
674901885841723392	socionoel	SocioNoel	0	10
674901428532572160	socionoel	SocioNoel	80	90
674900077882798080	socionoel	SocioNoel	0	10
674619660004929536	socionoel	SocioNoel	0	10
674555732424007681	socionoel	SocioNoel	0	10
674547323939201024	socionoel	SocioNoel	32	42
674547323939201024	logique	logique	115	123
674525146137366528	socionoel	SocioNoel	31	41
674492445342715904	socionoel	SocioNoel	130	140
674316950370127872	socionoel	SocioNoel	3	13
674246309688250368	socionoel	SocioNoel	56	66
674246309688250368	nouvelesprit	NouvelEsprit	67	80
674246309688250368	classic	classic	81	89
674899537174110208	socionoel	SocioNoel	0	10
674898644215193600	socionoel	SocioNoel	0	10
674898880228696064	lt	LT	0	3
674898880228696064	socionoel	SocioNoel	81	91
674895990965542914	socionoel	SocioNoel	130	140
674892803789426688	socionoel	SocioNoel	0	10
674886335036043265	socionoel	SocioNoel	0	10
674886941628899328	socionoel	SocioNoel	0	10
674885154112933888	socionoel	SocioNoël	103	113
674879460588584960	socionoel	SocioNoël	96	106
674869619191103488	socionoel	SocioNoel	19	29
674869912842723328	socionoel	SocioNoel	92	102
674870104761442304	socionoel	SocioNoel	77	87
674867791183405056	socionoel	SocioNoel	0	10
674860409451622400	socionoel	SocioNoel	0	10
674835047720071168	socionoel	SocioNoel	0	10
674835047720071168	stereotypes	Stéréotypes	66	78
674835047720071168	genre	Genre	79	85
674734801132331008	socionoel	SocioNoel	0	10
674739869353160704	socionoel	SocioNoel	0	10
674716025976258560	socionoel	SocioNoel	45	55
674716025976258560	j9	j9	56	59
674716004010737664	socionoel	SocioNoel	118	128
674716004010737664	journalism	journalism	129	140
674715155603714048	socionoel	SocioNoel	48	58
674714779198447616	socionoel	SocioNoel	0	10
674712877652160513	socionoel	SocioNoel	0	10
674700744742854657	socionoel	SocioNoel	23	33
674681377615425537	socionoel	SocioNoel	95	105
674649598296768512	socionoel	SocioNoel	3	13
674274046977171456	socionoel	SocioNoel	3	13
674645139764199424	socionoel	SocioNoel	19	29
674636191573090305	socionoel	SocioNoel	90	100
674631166025195522	socionoel	SocioNoel	0	10
674605939975131137	socionoel	SocioNoël	8	18
674604315240075264	socionoel	SocioNoel	0	10
674593385462824960	fn	FN	57	60
674593385462824960	socionoel	SocioNoel	66	76
674585846834679808	socionoel	SocioNoel	0	10
674585846834679808	day9	Day9	11	16
674586224439533568	socionoel	SocioNoel	0	10
674586684307185664	socionoel	SocioNoel	0	10
674586966684495872	socionoel	SocioNoel	0	10
674587641552179200	socionoel	SocioNoel	0	10
674577217075216384	socionoel	SocioNoel	47	57
674517618166992896	socionoel	SocioNoel	0	10
674517618166992896	professionnalisation	professionnalisation	71	92
674517618166992896	sport	sport	96	102
674517618166992896	foot	foot	103	108
674569695740231680	socionoel	SocioNoel	0	10
674572372238802945	socionoel	SocioNoel	52	62
674572327284273152	socionoel	Socionoel	0	10
674554515807461376	socionoel	SocioNoel	0	10
674553041060761601	socionoel	SocioNoel	0	10
674549136465731584	socionoel	SocioNoel	0	10
674542720266801153	socionoel	SocioNoel	0	10
674541265585897472	socionoel	SocioNoel	0	10
674541265585897472	capitalisme	capitalisme	46	58
674541265585897472	patriarcat	patriarcat	60	71
674536865538506752	socionoel	SocioNoel	36	46
674534333101813760	socionoel	SocioNoel	5	15
674530562976194560	socionoel	SocioNoel	17	27
674532045129928704	socionoel	SocioNoel	89	99
674525782794989568	socionoel	SocioNoel	91	101
674520277783572480	socionoel	SocioNoel	0	10
674512206004887552	socionoel	SocioNoel	91	101
674512206004887552	day9	Day9	102	107
674508936326836224	socionoel	SocioNoel	104	114
674508898733326336	socionoel	SocioNoel	0	10
674505447076995072	socionoel	SocioNoel	0	10
674491494812819457	socionoel	SocioNoël	102	112
674491217074331648	socionoel	SocioNoel	13	23
674483226421932032	socionoel	SocioNoël	105	115
674337744701808640	socionoel	SocioNoel	0	10
674330709310504960	socionoel	SocioNoel	104	114
674322170777108481	socionoel	SocioNoel	0	10
674316199019356161	socionoel	SocioNoel	0	10
674310479586729984	socionoel	SocioNoel	0	10
674309391412252676	socionoel	SocioNoel	0	10
674305038014091264	socionoel	SocioNoel	17	27
674295800718061568	socionoel	SocioNoel	106	116
674292757771501568	socionoel	SocioNoel	0	10
674291726291443712	socionoel	SocioNoel	0	10
677392767975350272	socionoel	SocioNoël	82	92
677382236308692992	socionoel	SocioNoel	0	10
677275800312414208	socionoel	SocioNoel	0	10
677270228221472768	socionoel	SocioNoel	0	10
677217165875920896	histonoel	HistoNoel	98	108
677217165875920896	socionoel	SocioNoel	109	119
677264042444980224	histonoel	HistoNoel	54	64
677264042444980224	socionoel	SocioNoel	65	75
677264042444980224	academic	academic	92	101
677264042444980224	booksforchristmas	booksforchristmas	102	120
677238867859251200	socionoel	SocioNoel	127	137
677238682311634944	socionoel	SocioNoel	119	129
677236295114948609	socionoel	SocioNoel	0	10
677233654972686336	socionoel	SocioNoel	0	10
677220702970363904	socionoel	SocioNoel	15	25
677209637381361665	socionoel	SocioNoel	0	10
677210545796325380	socionoel	SocioNoel	56	66
677208333430951940	socionoel	SocioNoel	0	10
677207308103901185	socionoel	SocioNoel	22	32
677188582222745600	socionoel	SocioNoel	98	108
676823667364503552	socionoel	SocioNoel	0	10
677183606914023425	socionoel	SocioNoel	27	37
677181368808378368	socionoel	SocioNoël	0	10
677178765328404480	socionoel	SocioNoel	0	10
677155164084674560	lecturesnoel	LecturesNoël	0	13
677155164084674560	socionoel	SocioNoël	78	88
677155164084674560	philonoel	PhiloNoël	89	99
677155164084674560	histonoel	HistoNoël	100	110
677154383826677760	socionoel	SocioNoel	80	90
677154383826677760	transition	transition	104	115
677148440590221313	socionoel	SocioNoel	78	88
677148440590221313	philonoel	Philonoel	89	99
677148440590221313	cop21	COP21	100	106
677148440590221313	climat	climat	107	114
677130669655506944	socionoel	SocioNoel	79	89
677128856101396480	socionoel	SocioNoel	0	10
677128610147241984	socionoel	SocioNoel	0	10
677126577969348608	socionoel	SocioNoel	0	10
677118774500265985	socionoel	SocioNoel	0	10
677118774500265985	day16	Day16	11	17
677117625210642432	socionoel	SocioNoel	80	90
677117031037206528	socionoel	SocioNoel	92	102
677116363702431745	socionoel	socionoel	123	133
677111794201190400	socionoel	SocioNoël	96	106
677110681397760000	socionoel	SocioNoel	109	119
677110598417653765	socionoel	SocioNoel	73	83
677070849858510848	socionoel	SocioNoël	0	10
677069912876179456	socionoel	SocioNoel	116	126
677069912876179456	day16	Day16	127	133
677058569221578752	socionoel	SocioNoel	0	10
677052534830313472	socionoel	SocioNoel	0	10
677052264075411456	socionoel	SocioNoel	101	111
677034164722475012	socionoel	SocioNoel	0	10
677033656624525312	socionoel	SocioNoel	0	10
677033656624525312	managers	managers	33	42
677033656624525312	management	management	45	56
676847375445532673	socionoel	SocioNoel	72	82
676825591874719748	socionoel	SocioNoel	16	26
676825436878409728	socionoel	SocioNoel	130	140
676823892325978112	socionoel	SocioNoel	104	114
676824059926159360	lt	LT	0	3
676824059926159360	socionoel	SocioNoel	57	67
676820562073821184	socionoel	SocioNoel	0	10
676818452955443202	socionoel	SocioNoel	0	10
676818452955443202	charlesgueboguo	CharlesGueboguo	32	48
676818452955443202	patrickawondo	PatrickAwondo	52	66
676818452955443202	homophobie	homophobie	81	92
676814444379402240	socionoel	SocioNoel	6	16
676814444379402240	musiquelatinenoel	MusiqueLatineNoel	27	45
676808561436020736	socionoel	SocioNoel	0	10
676804953554440192	socionoel	SocioNoel	106	116
676788440948604928	socionoel	SocioNoel	0	10
676775112306253824	socionoel	SocioNoel	0	10
676775112306253824	day15	Day15	11	17
676775433183043584	socionoel	SocioNoel	0	10
676769014157344769	socionoel	SocioNoel	5	15
676767013084258304	socionoel	SocioNoel	6	16
676757488344154112	socionoel	SocioNoel	28	38
676755998846136320	socionoel	SocioNoel	0	10
676755623866982400	socionoel	SocioNoel	0	10
676754189528268800	socionoel	SocioNoel	0	10
676753328395698176	socionoel	SocioNoel	0	10
676750506958655488	socionoel	SocioNoel	0	10
676720015291359232	socionoel	SocioNoel	43	53
676742801787387904	socionoel	SocioNoel	77	87
676726804464422912	socionoel	SocioNoel	106	116
676724910924898304	socionoel	socionoel	34	44
676713548240826368	socionoel	SocioNoel	0	10
676709977055223808	socionoel	SocioNoel	0	10
676706009490939904	socionoel	SocioNoel	0	10
676699202123112450	socionoel	SocioNoel	26	36
676682888541155329	socionoel	SocioNoel	0	10
676675874314461184	socionoel	SocioNoel	0	10
676653833729241089	socionoel	SocioNoël	0	10
676390772107829248	sociodessciences	sociodessciences	94	111
676640987935023105	socionoel	SocioNoël	78	88
676640987935023105	histoirerechcontemporaine	histoireRechContemporaine	113	139
676519222709788673	socionoel	SocioNoel	0	10
676519222709788673	day14	Day14	11	17
676518131993546752	socionoel	SocioNoel	0	10
676509916820021248	socionoel	SocioNoel	0	10
676504549100777472	socionoel	SocioNoel	0	10
676504549100777472	histoire	histoire	11	20
676478770140680192	offrirlesport	offrirlesport	54	68
676488426007457793	socionoel	SocioNoel	5	15
676488426007457793	sportnoel	SportNoel	92	102
676464118111539200	socionoel	socionoel	0	10
676459204807389184	socionoel	SocioNoel	31	41
676459204807389184	ladominationadulte	LaDominationAdulte	65	84
676441342118133760	socionoel	SocioNoel	0	10
676442144597504001	socionoel	SocioNoel	0	10
676438731759468544	socionoel	SocioNoel	0	10
676438729888808964	socionoel	SocioNoel	3	13
676438729888808964	lechecul	Lèchecul	107	116
676438504264503296	socionoel	SocioNoel	0	10
676438270335668225	socionoel	SocioNoel	0	10
676415890787868672	socionoel	SocioNoel	18	28
676399782957596672	socionoel	SocioNoel	0	10
676399782957596672	day14	Day14	11	17
676400258168016897	socionoel	SocioNoel	0	10
676398373860167680	socionoel	SocioNoel	94	104
676398142041038849	socionoel	SocioNoel	7	17
676394502341443586	socionoel	SocioNoel	93	103
676385701638852608	socionoel	SocioNoel	0	10
676385701638852608	maboulasoumahoro	MaboulaSoumahoro	90	107
676385586098343936	socionoel	SocioNoel	0	10
676370185209688064	socionoel	SocioNoel	0	10
676363186006814720	socionoel	SocioNoel	82	92
676362441312362496	socionoel	SocioNoel	0	10
676355318570426369	socionoel	SocioNoel	0	10
676345763954315264	socionoel	SocioNoel	3	13
676345763954315264	attentatsparis	AttentatsParis	97	112
676344188225593345	socionoel	SocioNoel	0	10
676344188225593345	day14	Day14	11	17
676336255437787136	socionoel	SocioNoel	0	10
676330561108078593	socionoel	SocioNoel	49	59
676329927902412800	socionoel	SocioNoël	105	115
676323040989470720	socionoel	SocioNoel	0	10
676323040989470720	day14	Day14	11	17
676320699498278912	socionoel	SocioNoel	0	10
676312868204212224	socionoel	SocioNoel	29	39
676312831197884416	socionoel	SocioNoel	32	42
676302215770939392	socionoel	SocioNoel	105	115
676189779357261824	socionoel	SocioNoel	3	13
676178023847206916	socionoel	SocioNoel	0	10
676146698624831488	socionoel	SocioNoel	0	10
676144755923886080	socionoel	SocioNoel	0	10
676144755923886080	day13	Day13	11	17
676145287031824392	socionoel	SocioNoel	82	92
676097522478239744	socionoel	SocioNoel	86	96
676079654189539329	socionoel	SocioNoel	85	95
676060271383834625	socionoel	SocioNoël	3	13
676054796055535616	socionoel	SocioNoel	0	10
676054796055535616	histonoel	HistoNoel	11	21
676052326252224514	socionoel	SocioNoel	0	10
676047615482585089	socionoel	SocioNoel	0	10
676021791610044420	socionoel	SocioNoel	8	18
676020211389173760	socionoel	SocioNoel	87	97
676020426036875265	socionoel	SocioNoel	8	18
676018789012606976	socionoel	SocioNoel	0	10
676017441806381056	socionoel	SocioNoel	0	10
676012988726423552	socionoel	SocioNoel	28	38
676012988726423552	benedictanderson	BenedictAnderson	54	71
676002307696381952	socionoel	SocioNoel	0	10
675990906294689792	socionoel	SocioNoel	0	10
675986884003262465	socionoel	SocioNoel	127	137
675979727010717696	socionoel	SocioNoel	0	10
675979368687104000	socionoel	SocioNoel	0	10
675977460329107456	socionoel	SocioNoel	0	10
675971576676917248	socionoel	SocioNoël	0	10
675967489902252033	socionoel	SocioNoel	0	10
675967489902252033	revolutionnaires	révolutionnaires	47	64
675967489902252033	radicaux	radicaux	68	77
675967489902252033	blackradical	Blackradical	87	100
675967489902252033	blackmarxism	Blackmarxism	101	114
675798361182605312	littenoel	littenoël	39	49
675800303095128064	socionoel	SocioNoel	60	70
675745357104611328	enlarmes	ENLARMES	86	95
675748315242348544	socionoel	socionoel	8	18
675737419975680001	socionoel	SocioNoel	0	10
675735261096079361	socionoel	SocioNoel	0	10
675717510709174272	socionoel	SocioNoel	0	10
675706516989677568	socionoel	SocioNoel	48	58
675702351035039745	socionoel	SocioNoel	0	10
675701735537713153	socionoel	SocioNoel	105	115
675696723935813633	parisagreement	ParisAgreement	19	34
675696918425690112	socionoel	SocioNoël	28	38
675691451376918529	socionoel	SocioNoel	9	19
675687566889340928	socionoel	SocioNoel	0	10
675687566889340928	day12	Day12	11	17
675686268160892928	socionoel	socionoel	0	10
675685560086827008	socionoel	SocioNoel	0	10
675685433871884288	socionoel	SocioNoel	55	65
675683729742893056	socionoel	SocioNoel	82	92
675682794287271936	socionoel	SocioNoel	0	10
675682794287271936	day12	Day12	11	17
675682062985273345	socionoel	SocioNoel	0	10
675682062985273345	day11	day11	29	35
675681592518516740	socionoel	SocioNoel	3	13
675681171364315136	socionoel	SocioNoel	82	92
675680311984918528	socionoel	SocioNoel	0	10
675662011158691842	socionoel	SocioNoêl	92	102
675647216837595136	socionoel	SocioNoel	0	10
675645857610506240	socionoel	SocioNoel	97	107
675636967359553536	socionoel	SocioNoel	0	10
675631755311849473	socionoel	SocioNoel	4	14
675606517358452736	socionoel	SocioNoel	100	110
675596426471202816	socionoel	SocioNoel	41	51
675591641739223040	socionoel	SocioNoel	0	10
675591641739223040	weber	Weber	51	57
680693551408254976	socionoel	SocioNoël	9	19
680559579680378880	socionoel	SocioNoël	96	106
680348661671419904	socionoel	SocioNoël	11	21
680513591800299520	socionoel	SocioNoel	19	29
680505204844945409	socionoel	SocioNoel	107	117
680511196248711168	socionoel	SocioNoel	74	84
680410724661882881	socionoel	SocioNoël	19	29
680387539463700480	socionoel	SocioNoel	21	31
671826392548573184	socionoel	SocioNoel	16	26
671826770610552832	socionoel	SocioNoel	132	142
672154638578249728	socionoel	SocioNoel	95	105
672511628689211392	socionoel	SocioNoel	109	119
672875188120326144	socionoel	SocioNoel	132	142
673217472980459520	socionoel	SocioNoel	112	122
673579573704065024	socionoel	SocioNoel	109	119
673970947158843393	socionoel	SocioNoel	130	140
674294089408491523	socionoel	SocioNoel	109	119
674684700280102912	socionoel	SocioNoel	108	118
675049372594397185	socionoel	SocioNoel	133	143
675405037045227520	socionoel	SocioNoel	116	126
675761103285133312	socionoel	SocioNoel	112	122
676129891507699716	socionoel	SocioNoel	112	122
676505455183667204	socionoel	SocioNoel	133	143
680129913576402946	socionoel	SocioNoel	96	106
680130621738475520	socionoel	SocioNoel	119	129
680131848723369984	socionoel	SocioNoel	104	114
680133707584421889	socionoel	SocioNoel	93	103
680136233759158274	socionoel	SocioNoel	97	107
680137229142994944	socionoel	SocioNoel	92	102
680138513434689536	socionoel	SocioNoel	88	98
680139780403937280	socionoel	SocioNoel	102	112
680141516396978176	socionoel	SocioNoel	106	116
680142590969298944	socionoel	SocioNoel	97	107
680144069079773184	socionoel	SocioNoel	130	140
680121113788157952	socionoel	SocioNoel	8	18
680121113788157952	noel	Noel	32	37
680128313172594688	socionoel	SocioNoel	93	103
680128313172594688	passionhalbwachs	PassionHalbwachs	104	121
680078980167413760	socionoel	SocioNoel	0	10
680076235838517248	socionoel	SocioNoel	129	139
680074320559902720	socionoel	SocioNoel	126	136
680072899248676864	socionoel	SocioNoel	8	18
680072899248676864	sociologie	sociologie	49	60
680037392372334593	socionoel	socionoel	0	10
680001151073447940	socionoel	SocioNoel	22	32
680024977286889473	socionoel	SocioNoel	109	119
680021472778256385	socionoel	SocioNoel	16	26
680012613556789249	socionoel	SocioNoel	16	26
680010697821057025	socionoel	SocioNoel	0	10
680010697821057025	day24	Day24	11	17
680006924981649408	socionoel	SocioNoel	49	59
679999855847145472	socionoel	SocioNoel	0	10
679999855847145472	day24	Day24	11	17
679999855847145472	vintage	vintage	18	26
679998941132419074	socionoel	SocioNoel	8	18
679998941132419074	double	double	22	29
679995137917894656	socionoel	SocioNoël	0	10
679989894098321410	socionoel	SocioNoel	11	21
679990289591865344	lt	LT	0	3
679990289591865344	socionoel	SocioNoel	111	121
679990634967646208	lt	LT	0	3
679990634967646208	socionoel	SocioNoel	105	115
679991428232142849	lt	LT	0	3
679991428232142849	socionoel	SocioNoel	75	85
679992083743141888	lt	LT	0	3
679992083743141888	socionoel	SocioNoel	106	116
679992876126892032	lt	LT	0	3
679992876126892032	socionoel	SocioNoel	113	123
679993640073203712	lt	LT	0	3
679993640073203712	socionoel	SocioNoel	105	115
679993799666495488	lt	LT	0	3
679993799666495488	socionoel	SocioNoel	93	103
679994463599628288	lt	LT	0	3
679994463599628288	socionoel	SocioNoel	75	85
679994848276037632	lt	LT	0	3
679994848276037632	socionoel	SocioNoel	71	81
679992260159782912	socionoel	SocioNoël	93	103
679774291240587264	socionoel	SocioNoel	34	44
679940799711309824	socionoel	SocioNoel	25	35
679991865572220928	socionoel	SocioNoel	16	26
679978111052681216	socionoel	SocioNoël	51	61
679977372754546688	socionoel	SocioNoel	0	10
671596321116131328	socionoel	SocioNoël	0	10
671969908922667009	socionoel	SocioNoël	0	10
672334742151430145	socionoel	SocioNoël	0	10
672727426120687616	socionoel	SocioNoël	0	10
673066587084181504	socionoel	SocioNoël	0	10
673468762583117824	socionoel	SocioNoël	0	10
673779852152020992	socionoel	SocioNoël	0	10
674171184083304448	socionoel	SocioNoël	0	10
674529920501080064	socionoel	SocioNoël	0	10
674917438698479617	socionoel	SocioNoël	0	10
675256259940114432	socionoel	SocioNoël	0	10
675718649974497280	socionoel	SocioNoël	0	10
676018972177907712	socionoel	SocioNoël	0	10
676315885888491520	socionoel	SocioNoël	0	10
676723564121300992	socionoel	SocioNoël	0	10
677109410787950592	socionoel	SocioNoël	0	10
677440154043289600	socionoel	SocioNoël	0	10
677980828136247296	socionoel	SocioNoël	14	24
678279333060980736	socionoel	SocioNoël	0	10
678536478478176256	socionoel	SocioNoël	0	10
678844280618790912	socionoel	SocioNoël	0	10
679349889185226756	socionoel	SocioNoël	0	10
679350948758712320	socionoel	SocioNoël	0	10
679592380522082304	socionoel	SocioNoël	0	10
679975754734645248	socionoel	SocioNoël	0	10
679976842972000256	socionoel	SocioNoël	61	71
679977326839463936	socionoel	SocioNoël	0	10
679976192716476416	socionoel	SocioNoel	5	15
679974958328582144	socionoel	SocioNoel	8	18
679974109518950400	socionoel	SocioNoel	20	30
679959600251146240	socionoel	SocioNoel	0	10
679953824086360064	socionoel	SocioNoel	0	10
679948151697051648	socionoel	SocioNoel	3	13
679945318264385537	socionoel	Socionoel	13	23
679942917570596868	socionoel	SocioNoel	0	10
679942917570596868	sociologie	sociologie	99	110
679927108089548801	socionoel	SocioNoël	0	10
679927108089548801	teaser	teaser	107	114
673125168395460608	socionoel	SocioNoel	0	10
673119234277433344	socionoel	SocioNoel	0	10
673109384738770944	socionoel	SocioNoel	0	10
673104416841580545	socionoel	SocioNoel	82	92
673104319789576193	socionoel	SocioNoel	0	10
673077771921432576	socionoel	SocioNoel	0	10
673074678290907136	socionoel	Socionoel	0	10
673074678290907136	antisexismepatriarcal	antisexismepatriarcal	111	133
673073302647250945	socionoel	SocioNoel	0	10
673071153548759040	socionoel	SocioNoel	0	10
673068357478948864	socionoel	SocioNoel	77	87
673068257260212224	socionoel	SocioNoel	18	28
673066913132605441	socionoel	SocioNoel	106	116
673065648361070592	socionoel	SocioNoel	0	10
673065481755037697	socionoel	SocioNoël	106	116
673062279789809664	socionoel	Socionoel	0	10
673047619711668224	socionoel	SocioNoel	0	10
673046836589019136	socionoel	SocioNoel	0	10
673024386694299648	socionoel	SocioNoel	91	101
672904355461390336	socionoel	SocioNoel	13	23
672898029662445568	socionoel	SocioNoel	100	110
672891116908343297	socionoel	SocioNoel	9	19
672826259278295040	socionoel	SocioNoel	103	113
672879907798720512	socionoel	SocioNoel	51	61
672879907798720512	lt	LT	129	132
672875118666870784	socionoel	SocioNoël	0	10
672854723876245504	socionoel	SocioNoel	98	108
672835578178740229	socionoel	SocioNoel	0	10
672840346838155265	socionoel	SocioNoel	15	25
672822105688420352	socionoel	SocioNoel	5	15
672822856108146688	lt	LT	115	118
672823108089311233	socionoel	SocioNoel	16	26
672815608761876480	socionoel	SocioNoel	100	110
672813548930785281	socionoel	SocioNoel	0	10
672811610197618693	socionoel	SocioNoel	0	10
672810025610539009	socionoel	SocioNoel	49	59
672805974252650496	socionoel	SocioNoel	55	65
672802508998340608	socionoel	SocioNoel	129	139
672798998672089088	socionoel	SocioNoel	29	39
672798998672089088	3ejour	3ejour	40	47
672793176709705728	socionoel	SocioNoel	68	78
672793176709705728	histonoel	HistoNoel	80	90
672793176709705728	philonoel	PhiloNoel	98	108
672783074883674112	ff	FF	0	3
672783074883674112	socionoel	SocioNoel	28	38
672782319137234944	socionoel	SocioNoel	18	28
672777630790328320	socionoel	SocioNoel	67	77
672499424048885760	lt	LT	0	3
672756420257955840	socionoel	SocioNoel	0	10
672756420257955840	socio	socio	65	71
672756420257955840	shs	SHS	75	79
672753088449613824	socionoel	SocioNoel	10	20
672727162093441024	socionoel	SocioNoël	10	20
672707820442226688	ff	FF	0	3
672707820442226688	socionoel	SocioNoel	37	47
672703374299672576	socionoel	SocioNoel	0	10
672706103524777984	socionoel	SocioNoel	61	71
672694172562800641	socionoel	SocioNoel	5	15
672673046071758848	socionoel	SocioNoel	128	138
672664578086563840	socionoel	socionoel	45	55
672440704174596096	socionoel	SocioNoel	0	10
672499595608506368	lt	LT	0	3
672499879793553408	lt	LT	0	3
672500126267645952	lt	LT	0	3
672500426877624320	lt	LT	0	3
672500596260343808	lt	LT	0	3
672501104492609536	lt	LT	0	3
672501454079459328	lt	LT	0	3
672501755440193537	lt	LT	0	3
672502152980520961	lt	LT	0	3
672502152980520961	socionoel	SocioNoel	102	112
672777027607490561	socionoel	SocioNoel	89	99
672763243425890305	socionoel	SocioNoel	0	10
672763243425890305	day4	Day4	11	16
672763547496116224	socionoel	SocioNoel	0	10
672757827543408640	socionoel	SocioNoel	0	10
672756691482648576	socionoel	SocioNoel	0	10
672756691482648576	day4	day4	11	16
672754907838070786	socionoel	SocioNoel	0	10
672752979922022400	socionoel	SocioNoel	33	43
672752979922022400	histonoel	HistoNoel	59	69
672752939581198337	socionoel	SocioNoel	0	10
672726507861708800	socionoel	SocioNoel	0	10
672726069628289025	socionoel	SocioNoel	0	10
672722000582868992	socionoel	SocioNoël	0	10
672720585164738560	socionoel	SocioNoel	5	15
672718198911930369	socionoel	SocioNoel	103	113
672712369865424896	socionoel	SocioNoel	0	10
672713370794070016	socionoel	SocioNoel	0	10
672707575067099136	socionoel	SocioNoel	0	10
672695986641350656	socionoel	SocioNoel	7	17
672702562081054720	socionoel	SocioNoel	76	86
672700668889690112	socionoel	SocioNoel	0	10
672698650854846464	socionoel	SocioNoel	0	10
672698650854846464	day4	day4	11	16
672698650854846464	fn	FN	63	66
672698650854846464	socioponoel	SocioPoNoel	67	79
672697358208081921	socionoel	SocioNoel	0	10
672697358208081921	lt	LT	108	111
672697326524358656	socionoel	SocioNoel	0	10
672694951197728768	socionoel	SocioNoel	0	10
672689478260162560	socionoel	SocioNoel	0	10
672688356820713472	socionoel	SocioNoel	0	10
672687173888565248	socionoel	SocioNoel	104	114
672687010105139202	socionoel	SocioNoel	0	10
672686710191431680	socionoel	SocioNoël	0	10
672683672353513472	socionoel	socionoel	4	14
672683582918418433	socionoel	SocioNoel	0	10
672682252694851584	jour4	jour4	8	14
672682252694851584	socionoel	SocioNoel	18	28
672681972242767872	socionoel	SocioNoel	0	10
672681402584969217	socionoel	SocioNoel	0	10
674285536903843840	ehrenberg	ehrenberg	92	102
674285536903843840	socionoel	SocioNoel	103	113
674284690455576578	socionoel	SocioNoel	0	10
674276918087319553	socionoel	SocioNoel	0	10
674276918087319553	day8	Day8	11	16
674276918087319553	socionoelalinternational	SocioNoelAlinternational	66	91
674266007360380929	socionoel	SocioNoel	102	112
674254144136486918	socionoel	SocioNoel	0	10
674242609850785792	socionoel	SocioNoel	0	10
673473115192717312	socionoel	SocioNoel	0	10
674238397586739200	socionoel	SocioNoel	17	27
674239963739869184	socionoel	SocioNoël	55	65
674235891360129024	socionoel	SocioNoël	130	140
674235194254221313	socionoel	SocioNoel	0	10
674235194254221313	day8	Day8	11	16
674235663701647360	socionoel	SocioNoel	0	10
674235801354575872	socionoel	SocioNoel	0	10
674235621007876096	socionoel	SocioNoel	96	106
674234582317842432	socionoel	SocioNoel	40	50
674234582317842432	classic	classic	52	60
674221588510830592	socionoel	SocioNoel	123	133
674220848639819776	socionoel	SocioNoel	127	137
674216929821925376	soro	Soro	67	72
674216929821925376	sondage	sondage	73	81
674216929821925376	solutionscop21	SolutionsCOP21	82	97
674216929821925376	socionoel	SocioNoel	98	108
674216929821925376	soudandusud	SoudanduSud	109	121
674216929821925376	southpark	SouthPark	122	132
674216929821925376	sorogate	SoroGATE	133	142
674206072316551168	socionoel	SocioNoel	0	10
674206072316551168	digitallabor	digitallabor	92	105
674196836681429000	philonoel	PhiloNoel	0	10
674197040763674624	socionoel	SocioNoel	0	10
674192725596614657	socionoel	SocioNoel	0	10
674192688170840064	socionoel	SocioNoel	15	25
674189733610856449	socionoel	SocioNoel	0	10
674180265510633472	socionoel	SocioNoel	0	10
674178875891589120	algerie	Algerie	51	59
674178875891589120	socionoel	SocioNoel	60	70
674178875891589120	loveyourself	LoveYourself	71	84
674178875891589120	londonbridge	LondonBridge	85	98
674178875891589120	bigstarentertainmentaward	BigStarEntertainmentAward	99	125
674178875891589120	mtvstars	MTVStars	126	135
674177889198333952	socionoel	SocioNoel	95	105
674176742085558272	racisme	racisme	22	30
674176742085558272	sexisme	sexisme	31	39
674176742085558272	fn	FN	50	53
674176742085558272	racismestructurel	racismestructurel	68	86
674176742085558272	socionoel	SocioNoel	100	110
674176742085558272	blanchite	blanchite	122	132
674174854808096768	socionoel	SocioNoel	89	99
674169410018521088	socionoel	SocioNoel	4	14
674169410018521088	liberacisme	Libéracisme	52	64
674167357762326528	socionoel	SocioNoel	18	28
674161260460658688	anthropo	anthropo	105	114
674161260460658688	socionoel	SocioNoel	115	125
674155632170266624	socionoel	SocioNoël	120	130
674154075051675648	socionoel	SocioNoel	0	10
674153490558672896	socionoel	SocioNoël	0	10
674148751792062464	socionoel	SocioNoël	27	37
674146943598202880	socionoel	SocioNoël	106	116
674145306573987840	socionoel	SocioNoel	0	10
674142053526323200	socionoel	SocioNoel	0	10
674134820402896896	socionoel	SocioNoel	95	105
674128130131537922	socionoel	SocioNoel	0	10
674121111429337088	socionoel	SocioNoel	0	10
674121111429337088	associatif	associatif	63	74
674110580064657408	socionoel	SocioNoel	0	10
673981485867732997	socionoel	SocioNoel	0	10
673981752243855364	socionoel	SocioNoel	0	10
673968179153117184	socionoel	SocioNoel	0	10
673968179153117184	sociologie	sociologie	28	39
673965259774926851	socionoel	socioNoel	128	138
673962643460251649	econoel	EcoNoel	0	8
673962643460251649	socionoel	SocioNoel	22	32
673961534100480000	socionoel	SocioNoel	3	13
673958740782133249	socionoel	SocioNoel	9	19
673955450853961728	socionoel	SocioNoel	77	87
673948276895457280	socionoel	SocioNoel	8	18
673938345349783552	socionoel	SocioNoel	0	10
673927593700278272	socionoel	SocioNoel	48	58
673920735363080192	socionoel	SocioNoel	0	10
673917397762449408	socionoel	SocioNoel	3	13
673916505684353024	socionoel	SocioNoel	0	10
673913746713088005	socionoel	SocioNoel	15	25
673911080779948032	socionoel	SocioNoel	0	10
673896844418752513	socionoel	SocioNoel	0	10
673895417977962496	socionoel	SocioNoel	0	10
673891065573806081	socionoel	SocioNoel	0	10
673889629666467840	socionoel	SocioNoel	24	34
673889468286398464	socionoel	SocioNoël	0	10
673764642792042496	socionoel	SocioNoel	8	18
673601165192470528	socionoel	SocioNoel	124	134
673589584270368770	socionoel	SocioNoel	43	53
673568684913377280	socionoel	SocioNoel	0	10
673558308700225536	socionoel	SocioNoël	27	37
673886158380769280	socionoel	SocioNoel	30	40
673872944469274624	socionoel	SocioNoel	0	10
673870407540285440	socionoel	SocioNoel	0	10
673870407540285440	day7	Day7	11	16
673869729182957568	socionoel	SocioNoel	0	10
673865418218545152	socionoel	SocioNoel	0	10
673865418218545152	day7	Day7	11	16
673855861404606465	socionoel	SocioNoel	20	30
673854556539891712	socionoel	SocioNoel	17	27
673844511215378432	socionoel	SocioNoel	61	71
673840273131094017	socionoel	SocioNoel	0	10
673840273131094017	fn	FN	19	22
673840273131094017	racisme	racisme	70	78
673823792788070400	socionoel	SocioNoel	71	81
673821311714664448	socionoel	SocioNoël	0	10
673820109031538689	socionoel	SocioNoel	0	10
673820109031538689	socio	socio	21	27
673808219505041408	socionoel	SocioNoel	105	115
673805044295311360	socionoel	SocioNoel	0	10
673805044295311360	day7	Day7	19	24
673805044295311360	histoirenoel	HistoireNoel	44	57
673799641494904832	socionoel	SocioNoel	102	112
673799319162523648	socionoel	SocioNoel	5	15
673799319162523648	quijanoanibal	QUIJANOANIBAL	24	38
673799319162523648	colonialitedupouvoir	colonialitédupouvoir	45	66
673799153722327041	socionoel	SocioNoel	0	10
673798772451770368	socionoel	SocioNoel	0	10
673798772451770368	fanon	FANON	59	65
673798702767689728	socionoel	SocioNoel	0	10
673795623481712640	socionoel	SocioNoël	62	72
673795172170338304	socionoel	SocioNoel	0	10
673794362657144832	socionoel	SocioNoel	0	10
673792738161238018	socionoel	SocioNoël	106	116
673790822089891840	socionoel	SocioNoel	3	13
673779444599902208	socionoel	SocioNoel	0	10
673626143690506240	socionoel	SocioNoël	105	115
673611150370717696	socionoel	SocioNoel	0	10
673611150370717696	day6	Day6	11	16
673611150370717696	fanculo	Fanculo	62	70
673611150370717696	trishtezza	Trishtezza	71	82
673579284674555904	socionoel	SocioNoel	0	10
673575657281101824	socionoel	SocioNoel	94	104
673573602596364289	socionoel	SocioNoel	121	131
673559694535995392	socionoel	SocioNoel	0	10
673547510963691521	socionoel	SocioNoel	0	10
673548970543611904	socionoel	SocioNoel	0	10
673549970570612736	socionoel	SocioNoel	0	10
673542991252987904	socionoel	SocioNoel	68	78
673542111342538752	socionoel	SocioNoel	0	10
673542104656818177	socionoel	SocioNoel	126	136
673533799565758464	socionoel	SocioNoel	9	19
673529217980735488	socionoel	SocioNoel	0	10
673529217980735488	day6	day6	11	16
673524032051003393	socionoel	SocioNoel	105	115
673515168438075393	socionoel	SocioNoel	0	10
673505826347352066	socionoel	SocioNoel	0	10
672730355158396928	socionoel	SocioNoel	32	42
672730355158396928	histonoel	HistoNoel	65	75
673501890211160068	philonoel	PhiloNoël	34	44
673504195383656449	socionoel	SocioNoel	53	63
673500900741222400	socionoel	SocioNoel	21	31
673498343897751552	socionoel	SocioNoel	0	10
673498343897751552	day6	Day6	11	16
673498636588830720	socionoel	SocioNoel	0	10
673492852761063424	socionoel	SocioNoel	0	10
673475227150626816	socionoel	SocioNoel	0	10
673475227150626816	regionales2015	Regionales2015	11	26
673474915308277760	socionoel	SocioNoel	0	10
673474915308277760	regionales2015	Regionales2015	11	26
673467423656386560	socionoel	SocioNoel	0	10
673463779364089856	socionoel	SocioNoel	19	29
673464383872352256	socionoel	SocioNoel	129	139
673462406882926592	socionoel	SocioNoel	82	92
673459469376966656	socionoel	SocioNoel	103	113
673459243958312961	socionoel	SocioNoel	0	10
673453342933327872	socionoel	SocioNoel	0	10
673443524734533632	socionoel	SocioNoel	88	98
673438719647612928	socionoel	SocioNoel	0	10
673438550432550912	socionoel	SocioNoel	0	10
673428884877131776	socionoel	SocioNoël	105	115
673426483050881024	socionoel	SocioNoel	40	50
673421662071758848	socionoel	SocioNoel	88	98
673421662071758848	avote	AVote	99	105
673418335883829249	socionoel	SocioNoel	0	10
673418335883829249	sport	sport	35	41
673418335883829249	rh	RH	42	45
673413245886210048	socionoel	SocioNoel	116	126
673230765065379840	philonoel	PhiloNoel	40	50
673187229733421056	bruxelles	Bruxelles	64	74
673187229733421056	socionoel	SocioNoel	124	134
673188274182164480	socionoel	SocioNoel	75	85
673179072592244736	socionoel	SocioNoel	0	10
673181249029185536	socionoel	SocioNoel	39	49
673178334608494592	socionoel	SocioNoel	14	24
673131703687360512	socionoel	SocioNoel	32	42
673120467532840960	socionoel	SocioNoel	0	10
673103816561160193	socionoel	SocioNoel	29	39
673077246224125953	socionoel	SocioNoel	54	64
673069147769675777	socionoel	SocioNoel	28	38
672902994724331521	socionoel	SocioNoel	42	52
672817146725052416	socionoel	SocioNoel	0	10
672817086859747328	socionoel	SocioNoël	81	91
672817086859747328	ff	FF	93	96
672802709356068864	scponoel	ScPoNoël	13	22
672802709356068864	socionoel	SocioNoel	83	93
672799389660938242	socionoel	SocioNoel	0	10
673405463829078016	socionoel	SocioNoel	0	10
673278375507697664	socionoel	SocioNoël	0	10
673262327651790848	socionoel	SocioNoel	0	10
673231118666219520	socionoel	SocioNoel	7	17
673225944082063360	socionoel	SocioNoel	0	10
673204751354503168	socionoel	SocioNoel	0	10
673198468182237184	socionoel	SocioNoel	0	10
673198468182237184	jour5	Jour5	11	17
673197174772101120	socionoel	SocioNoel	104	114
673192146560765952	socionoel	SocioNoël	0	10
673186851335770113	socionoel	SocioNoel	21	31
673192091946770433	socionoel	SocioNoel	71	81
673187168802742272	socionoel	SocioNoel	0	10
673187168802742272	day5	day5	11	16
673187168802742272	autresuperieur	autresuperieur	62	77
673184985004777472	socionoel	SocioNoel	10	20
673185623826632704	socionoel	SocioNoel	10	20
673186240162889728	socionoel	SocioNoel	10	20
673178768421224448	socionoel	SocioNoel	0	10
673176550049783808	socionoel	SocioNoel	0	10
673139172404813824	socionoel	SocioNoel	96	106
673162171652657152	socionoel	SocioNoel	38	48
673156769972166656	socionoel	SocioNoel	0	10
673133020182929410	socionoel	SocioNoel	0	10
673125851412586496	socionoel	SocioNoel	0	10
679830856140242946	socionoel	SocioNoel	17	27
679830430351273985	socionoel	SocioNoel	0	10
679792622110642176	socionoel	SocioNoel	0	10
679792622110642176	day23	Day23	11	17
679778224390406144	socionoel	SocioNoël	84	94
679738819122479104	socionoel	SocioNoel	0	10
679753650131042306	socionoel	SocioNoël	15	25
679749565025771521	socionoel	SocioNoel	0	10
679748293799317506	socionoel	SocioNoel	79	89
679748293799317506	lecturedumoment	lecturedumoment	90	106
679718439171264512	socionoel	SocioNoel	0	10
679719234382000129	socionoel	SocioNoel	0	10
679704539805650945	socionoel	SocioNoel	105	115
679681201918087168	socionoel	SocioNoel	14	24
679673850947334145	socionoel	SocioNoel	0	10
679673850947334145	guatananosurseine	guatananosurseine	15	33
678971808448684032	genre	genre	95	101
679645601567510528	socionoel	SocioNoel	9	19
679620360002793472	socionoel	SocioNoel	0	10
679351115079507968	bourdieu	Bourdieu	7	16
679351115079507968	sociologie	sociologie	29	40
679351115079507968	inedits	inédits	94	102
679351115079507968	collegedefrance	CollegedeFrance	103	119
679605960600588288	bourdieu	Bourdieu	20	29
679605960600588288	collegedefrance	CollegedeFrance	33	49
679605960600588288	socionoel	SocioNoel	52	62
679605518948810753	socionoel	SocioNoel	0	10
679605303558705152	socionoel	SocioNoel	0	10
679603920918986752	socionoel	SocioNoel	38	48
679599577482276864	lt	LT	17	20
679599577482276864	socionoel	SocioNoel	22	32
679596574008328192	socionoel	SocioNoel	0	10
679596574008328192	managers	managers	61	70
679596574008328192	management	Management	101	112
679593574422429696	socionoel	SocioNoel	0	10
679576408256024577	socionoel	SocioNoel	0	10
679576399871655936	socionoel	SocioNoel	0	10
679565812655632384	socionoel	SocioNoel	0	10
679565812655632384	day22	Day22	11	17
679413218217959424	socionoel	SocioNoel	0	10
679411180797042688	socionoel	SocioNoel	19	29
679409301123948544	socionoel	SocioNoel	0	10
679355574182658049	socionoel	SocioNoël	77	87
679354607500451840	socionoel	SocioNoel	0	10
679353841184333828	socionoel	SocioNoel	0	10
679354469193265153	socionoel	SocioNoel	0	10
679354604581167104	socionoel	SocioNoel	0	10
679351122071527424	socionoel	SocioNoel	0	10
679336086217351168	socionoel	SocioNoel	0	10
679336054692831232	socionoel	SocioNoel	8	18
679331592175796224	socionoel	SocioNoel	47	57
679326573615542273	mardiconseil	mardiconseil	24	37
679326573615542273	socionoel	socionoel	38	48
679296206195916800	socionoel	SocioNoel	0	10
679277981051854848	socionoel	SocioNoel	0	10
679277981051854848	day22	Day22	11	17
679269145708511232	socionoel	SocioNoel	0	10
679269145708511232	day22	Day22	11	17
679240604442841091	socionoel	SocioNoel	0	10
679240022424494080	socionoel	SocioNoel	11	21
679239436341788673	socionoel	SocioNoël	82	92
679228304713478144	socionoel	SocioNoel	0	10
679228304713478144	relationsinternationales	RelationsInternationales	58	83
679228304713478144	sciencepolitique	sciencepolitique	85	102
679225955571879936	socionoel	SocioNoel	0	10
679225778391920640	socionoel	SocioNoel	0	10
679225611446038528	socionoel	SocioNoel	0	10
679225394969624576	socionoel	SocioNoel	0	10
679224992589049857	lt	LT	118	121
679224992589049857	socionoel	SocioNoel	122	132
679224205397925888	socionoel	SocioNoel	0	10
679220289629233152	socionoel	SocioNoël	36	46
679218073266728960	socionoel	SocioNoel	0	10
679218073266728960	management	management	37	48
679188370845773824	socionoel	SocioNoel	0	10
679166412418600960	socionoel	SocioNoel	33	43
679085811413848065	socionoel	SocioNoel	0	10
679086029165473792	socionoel	SocioNoel	0	10
679061417769746432	socionoel	SocioNoel	0	10
679038340700729344	socionoel	SocioNoel	0	10
679024318513340416	socionoel	SocioNoel	112	122
679020710942089216	socionoel	SocioNoël	6	16
679020454061973504	socionoel	SocioNoel	128	138
679020608890511361	socionoel	SocioNoel	105	115
678983645378514944	socionoel	SocioNoel	94	104
678974673724514304	socionoel	SocioNoel	43	53
678963319894601728	tapie	Tapie	8	14
678963319894601728	berlusconi	Berlusconi	19	30
678963319894601728	actualite	actualité	64	74
678963319894601728	socionoel	SocioNoel	101	111
678957271380979712	socionoel	SocioNoel	0	10
678906478183489537	socionoel	SocioNoel	0	10
678903207486205952	socionoel	SocioNoel	0	10
678903207486205952	anderson	Anderson	32	41
678901128285831168	socionoel	SocioNoel	0	10
678900268252176386	socionoel	SocioNoel	46	56
678895173749891073	socionoel	SocioNoel	10	20
678893965932953600	socionoel	SocioNoel	0	10
678893965932953600	elias	Elias	95	101
678893391598456832	socionoel	SocioNoel	0	10
678891945674993664	socionoel	SocioNoel	101	111
678879479134093312	socionoel	SocioNoel	88	98
678879479134093312	philonoel	PhiloNoel	99	109
678876305895608320	pragmatisme	pragmatisme	64	76
678876305895608320	critique	critique	77	86
678876305895608320	socionoel	SocioNoel	87	97
678876305895608320	philonoel	PhiloNoel	98	108
678859014676041728	lt	LT	121	124
678859014676041728	socionoel	SocioNoel	125	135
678858696433246208	socionoel	SocioNoel	0	10
678850365912178689	socionoel	SocioNoel	9	19
678850644405583872	socionoel	SocioNoel	17	27
678851789521879040	socionoel	SocioNoel	17	27
678849456859684864	socionoel	SocioNoel	0	10
678849456859684864	rh	RH	40	43
678849456859684864	management	Management	54	65
678717772562604032	socionoel	SocioNoel	0	10
678718040754778113	socionoel	SocioNoel	0	10
678690422827393024	socionoel	SocioNoel	6	16
678690760858972160	socionoel	SocioNoel	0	10
678691245812817920	socionoel	SocioNoel	0	10
678683679841980416	socionoel	SocioNoel	0	10
678683679841980416	day19	Day19	11	17
678681538440134656	socionoel	SocioNoel	0	10
678681538440134656	day20	Day20	11	17
678662642106527745	socionoel	SocioNoël	0	10
678659174981611520	socionoel	SocioNoël	106	116
678640714058768384	socionoel	SocioNoel	129	139
678637147231035392	socionoel	SocioNoel	0	10
678625841694179328	socionoel	SocioNoel	0	10
678599767325323264	socionoel	SocioNoël	74	84
678591700747558912	socionoel	SocioNoel	0	10
678591700747558912	histonoel	HistoNoel	11	21
678585030470447104	socionoel	SocioNoel	0	10
678582866155032576	socionoel	SocioNoel	0	10
678582866155032576	day20	Day20	11	17
678571355558838272	socionoel	SocioNoel	55	65
678566820786348032	socionoel	SocioNoël	0	10
678566820786348032	econoel	EcoNoël	13	21
678562185736515584	socionoel	SocioNoel	17	27
678534800542711812	socionoel	SocioNoel	21	31
678531909039874048	socionoel	SocioNoel	0	10
678531452099784704	socionoel	SocioNoel	0	10
678531452099784704	management	management	48	59
678517181114679296	socionoel	SocioNoel	14	24
678516609879777280	socionoel	SocioNoel	0	10
678487992244260864	socionoel	SocioNoel	0	10
678487407273054208	socionoel	SocioNoel	0	10
678942470072369152	socionoel	SocioNoel	0	10
678942470072369152	day21	Day21	11	17
678931650764517377	socionoel	SocioNoel	0	10
678880861744455680	podemos	Podemos	3	11
678908425695338498	socionoel	SocioNoel	32	42
678315363105402881	socionoel	SocioNoel	0	10
678315363105402881	science	science	29	37
678315363105402881	sociologie	sociologie	67	78
678284672565166080	socionoel	SocioNoel	102	112
678270988619001858	socionoel	SocioNoel	18	28
678266954080210944	socionoel	SocioNoel	0	10
678266954080210944	gender	gender	103	110
678259273273581568	socionoel	SocioNoel	89	99
678249356093444097	socionoel	SocioNoel	0	10
678248300995321856	socionoel	SocioNoel	0	10
678240483655708672	socionoel	SocioNoel	28	38
678230537924907008	socionoel	SocioNoel	51	61
678229789132652544	socionoel	SocioNoel	0	10
678205681795776512	socionoel	SocioNoel	0	10
678205681795776512	day19	Day19	11	17
678186107213881344	socionoel	Socionoel	0	10
678179525612716032	socionoel	SocioNoel	0	10
678170039766392832	socionoel	SocioNoel	99	109
678158254493560832	socionoel	SocioNoel	31	41
678147999302852609	socionoel	SocioNoel	15	25
678136201094815745	socionoel	SocioNoel	34	44
678130849032839168	socionoel	SocioNoel	0	10
678128943430565888	socionoel	SocioNoel	0	10
678101906611417088	socionoel	SocioNoel	0	10
678101906611417088	sociologie	sociologie	52	63
678101906611417088	entreprise	entreprise	67	78
678101906611417088	management	Management	80	91
677945173318492161	socionoel	SocioNoêl	103	113
677906675882414080	socionoel	SocioNoel	0	10
677905069333987328	socionoel	SocioNoel	0	10
677903061549981705	socionoel	SocioNoel	4	14
677903061549981705	management	management	64	75
677890070599307264	socionoel	SocioNoel	0	10
677890070599307264	day18	Day18	11	17
677890620460032000	socionoel	SocioNoel	0	10
677890620460032000	day18	Day18	11	17
677889252466761729	socionoel	SocioNoel	50	60
677884819741642752	socionoel	SocioNoel	0	10
677884819741642752	anthropologie	Anthropologie	70	84
677876952506564609	socionoel	SocioNoel	80	90
677866502704369666	socionoel	SocioNoël	0	10
677857718707871744	socionoel	SocioNoel	3	13
677856224398983172	socionoel	SocioNoel	20	30
677848785314324480	socionoel	SocioNoël	70	80
677772904159907840	migrants	migrants	77	86
677844755829661696	socionoel	SocioNoel	35	45
677821622410170368	socionoel	SocioNoël	0	10
677815649075396609	enquete	enquête	22	30
677815649075396609	sociologique	sociologique	31	44
677815649075396609	socionoel	socionoël	104	114
677815205997449217	socionoel	SocioNoel	0	10
677810113621659648	socionoel	SocioNoel	0	10
677808518876000256	socionoel	SocioNoel	0	10
677803017622716416	socionoel	SocioNoel	17	27
677803017622716416	sociologie	Sociologie	32	43
677803017622716416	inspiration	inspiration	90	102
677797889477885953	socionoel	SocioNoel	0	10
677781456379387904	socionoel	SocioNoel	0	10
677781456379387904	management	Management	64	75
677780909433749508	socionoel	SocioNoel	0	10
677773442201092096	socionoel	SocioNoel	0	10
677770905418862592	socionoel	SocioNoel	105	115
677766476540067840	socionoel	SocioNoel	99	109
677519146062643202	socionoel	SocioNoel	53	63
677519146062643202	sciencepolitique	sciencepolitique	88	105
677519146062643202	mustread	MustRead	108	117
677733539924824064	socionoel	SocioNoel	50	60
677623022325469184	socionoel	SocioNoel	0	10
677623022325469184	day17	Day17	11	17
677605942905716737	socionoel	SocioNoel	0	10
677585749294907392	socionoel	SocioNoel	49	59
677581743554215937	socionoel	SocioNoel	134	144
677579594015182848	socionoel	SocioNoel	101	111
677541927609344000	socionoel	SocioNoel	0	10
677541064396394498	socionoel	SocioNoel	36	46
672681402584969217	doubleconscience	doubleconscience	79	96
672681003056545792	socionoel	SocioNoel	0	10
672677574468874240	socionoel	SocioNoel	11	21
672666742389407744	socionoel	SocioNoel	0	10
672658899326083073	socionoel	SocioNoel	48	58
672563064940724224	socionoel	SocioNoel	0	10
672540216255754246	socionoel	SocioNoel	79	89
672526708424187905	socionoel	SocioNoel	81	91
672522118194667521	socionoel	SocioNoel	0	10
672522118194667521	j3	J3	11	14
672522118194667521	vih	VIH	105	109
672425289457250305	socionoel	SocioNoel	0	10
672492724491264000	socionoel	SocioNoel	15	25
672491043078541312	socionoel	SocioNoel	129	139
672479279029030912	socionoel	SocioNoel	0	10
672471136723189760	socionoel	SocioNoel	0	10
672465704277397504	socionoel	SocioNoël	0	10
672464941480321024	socionoel	SocioNoel	0	10
672461530655547392	socionoel	SocioNoel	12	22
672458566515752960	socionoel	SocioNoël	83	93
672451555388473345	socionoel	SocioNoël	0	10
672437760486219776	socionoel	SocioNoel	74	84
672436369348800512	socionoel	SocioNoel	18	28
672436369348800512	help	Help	117	122
672436369348800512	tia	TIA	123	127
672435771832406016	socionoel	SocioNoel	0	10
672433565989265408	socionoel	SocioNoel	11	21
672429349212168197	socionoel	SocioNoel	124	134
672424810660630529	socionoel	SocioNoel	96	106
672423568462999552	socionoel	SocioNoel	79	89
672423568462999552	cafaitplaisir	çafaitplaisir	90	104
672422449565274112	socionoel	SocioNoël	27	37
672422449565274112	ethnonoel	EthnoNoël	59	69
672419814615465984	socionoel	SocioNoel	0	10
672419814615465984	day3	Day3	11	16
672420216735969280	socionoel	SocioNoel	0	10
672420320519802884	socionoel	SocioNoel	0	10
672420665467752452	socionoel	SocioNoel	0	10
672420811073069056	socionoel	SocioNoel	0	10
672410425363972096	socionoel	SocioNoel	5	15
672421192008122368	socionoel	SocioNoel	0	10
672421403052912640	socionoel	SocioNoel	0	10
672421747065552896	socionoel	SocioNoel	0	10
672422136309501952	socionoel	SocioNoel	0	10
672413169193742336	socionoel	SocioNoel	0	10
672409916464881664	socionoel	SocioNoel	0	10
672408360667492352	socionoel	SocioNoel	0	10
672403705174597632	socionoel	SocioNoel	18	28
672384719670157312	socionoel	SocioNoel	0	10
672382902408187904	socionoel	SocioNoel	106	116
672375474597818368	socionoel	SocioNoël	58	68
672332777422004224	socionoel	SocioNoel	88	98
672370523347750912	socionoel	SocioNoel	57	67
672365017778405376	socionoel	SocioNoel	5	15
672364999873069056	socionoel	SocioNoel	0	10
672363693875818497	socionoel	SocioNoel	2	12
672363693875818497	bouamama	BOUAMAMA	42	51
672363344230264832	socionoel	SocioNoel	0	10
672360945079951360	socionoel	SocioNoel	0	10
672360945079951360	day3	Day3	11	16
672355700362878976	socionoel	SocioNoel	16	26
672360817107607554	socionoel	SocioNoel	97	107
672358073890025472	socionoel	SocioNoel	59	69
672358073890025472	histoiredelartnoel	HistoiredelartNoel	74	93
672360223345086464	socionoel	SocioNoel	106	116
672359820729712640	socionoel	SocioNoel	61	71
672359778614681600	socionoel	SocioNoel	114	124
672359392998739968	socionoel	SocioNoel	99	109
672359083870191616	socionoel	SocioNoël	54	64
672355392823951360	socionoel	SocioNoel	0	10
672356676725551105	lt	LT	0	3
672356676725551105	socionoel	SocioNoel	4	14
672356917960941569	lt	LT	0	3
672356917960941569	socionoel	SocioNoel	4	14
672357635878973440	lt	LT	0	3
672357635878973440	socionoel	SocioNoel	4	14
672357538915053569	socionoel	SocioNoël	81	91
672355547258216448	socionoel	SocioNoel	0	10
672354885589966849	socionoel	SocioNoel	0	10
672352531092238336	socionoel	SocioNoel	0	10
672354081164435456	socionoel	SocioNoël	36	46
672352629490630656	socionoel	SocioNoel	0	10
672351458445103104	socionoel	SocioNoel	5	15
672344244871405568	socionoel	SocioNoel	0	10
672350485911871488	socionoel	SocioNoel	0	10
672349474715512832	socionoel	SocioNoel	0	10
672349088977940480	socionoel	SocioNoel	0	10
672346022790701056	socionoel	SocioNoel	0	10
672346022790701056	hoggart	Hoggart	17	25
672345851180765184	socionoel	socionoel	8	18
672342599450144770	socionoel	SocioNoel	103	113
672341049411522560	socionoel	SocioNoel	0	10
672341532134006784	socionoel	SocioNoel	0	10
672340477010714624	ecoledejourdan	EcoleDeJourdan	20	35
672340477010714624	socionoel	SocioNoel	41	51
672340477010714624	day3	Day3	52	57
672339788238856193	socionoel	SocioNoel	0	10
672335992867672068	socionoel	SocioNoel	5	15
672335992867672068	jour3	Jour3	16	22
672334830969991168	socionoel	SocioNoël	106	116
672334596248371200	socionoel	SocioNoel	22	32
672334596248371200	philonoel	PhiloNoel	58	68
672332793515380736	socionoel	SocioNoel	0	10
672332065489231873	day3	day3	0	5
672332065489231873	socionoel	SocioNoel	6	16
672324782260690944	socionoel	SocioNoel	28	38
672321754703003648	socionoel	SocioNoel	35	45
672321754703003648	ahiiicestdelhistoire	AhiiiCestdelHistoire	46	67
672320479022157824	j3	J3	0	3
672320479022157824	socionoel	SocioNoel	116	126
672320056446070784	socionoel	SocioNoel	21	31
672316832095805440	socionoel	SocioNoel	0	10
672316749057011712	socionoel	SocioNoel	0	10
672316749057011712	sociologie	sociologie	20	31
672316749057011712	coaching	coaching	86	95
672313375012069376	socionoel	SocioNoel	12	22
672298589738110976	socionoel	SocioNoel	0	10
672192650120994816	socionoel	SocioNoel	0	10
672192650120994816	cop21	COP21	19	25
672171053267972096	socionoel	SocioNoel	98	108
672151124489715713	socionoel	SocioNoel	0	10
672146978923483136	socionoel	SocioNoel	93	103
672144325732642819	socionoel	SocioNoel	13	23
672130381429256193	socionoel	SocioNoel	49	59
672120337992167424	socionoel	SocioNoël	70	80
672119426343428097	socionoel	SocioNoel	89	99
672117367992942592	socionoel	SocioNoel	53	63
672106120396279808	socionoel	SocioNoel	0	10
672100862098042880	socionoel	SocioNoel	124	134
672097528658206721	socionoel	SocioNoel	0	10
671971541417086976	socionoel	SocioNoel	12	22
672091413698519040	socionoel	SocioNoel	56	66
672089630423011328	day2	day2	20	25
672089630423011328	socionoel	SocioNoel	29	39
672089630423011328	streetlevelgifts	streetlevelgifts	68	85
672089630423011328	noelauguichet	noelauguichet	86	100
672087610253266948	socionoel	SocioNoel	0	10
672061783469854721	souhailabenlachhab	SouhailaBenLachhab	0	19
672061783469854721	socionoel	SocioNoel	54	64
672034181824831488	socionoel	SocioNoel	112	122
672025836745326593	socionoel	SocioNoel	19	29
672019936613695488	socionoel	SocioNoel	0	10
672019695730561024	socionoel	socionoël	0	10
672014963578429440	socionoel	SocioNoel	0	10
672014963578429440	timingold	timingold	59	69
672014963578429440	ecologie	ecologie	70	79
672014963578429440	anthropologie	anthropologie	80	94
672014963578429440	poesie	poesie	95	102
672009297082130432	socionoel	SocioNoel	9	19
672009297082130432	sociologie	sociologie	70	81
672005229265711104	socionoel	SocioNoel	52	62
671996784521162752	socionoel	SocioNoel	0	10
671995567636115456	lt	lt	0	3
671995567636115456	socionoel	SocioNoel	96	106
671995433259048960	socionoel	SocioNoel	86	96
671995218040913920	socionoel	SocioNoel	0	10
671995218040913920	lrt	lrt	33	37
671994794357452800	socionoel	SocioNoel	30	40
671992624325242881	socionoel	socionoel	33	43
672072215945433089	day2	day2	20	25
672072215945433089	socionoel	SocioNoel	26	36
672066434340663296	day1	day1	13	18
672066434340663296	day2	day2	44	49
672066434340663296	socionoel	SocioNoel	102	112
672066008606187520	socionoel	SocioNoel	0	10
672065257985155072	j2	J2	0	3
672065257985155072	socionoel	SocioNoel	105	115
672047269353553920	socionoel	SocioNoël	0	10
672051776326115328	socionoel	SocioNoël	51	61
672051933620920320	socionoel	SocioNoël	4	14
672052423163252736	socionoel	SocioNoël	70	80
672052712549302272	socionoel	SocioNoël	4	14
672047331517317120	socionoel	SocioNoel	0	10
672034418983333888	socionoel	SocioNoel	90	100
672034531608801280	socionoel	SocioNoel	45	55
672045457493860352	socionoel	SocioNoel	43	53
672036292394356737	socionoel	SocioNoel	0	10
672036292394356737	culturalstudies	culturalstudies	106	122
672034408845717504	socionoel	SocioNoel	0	10
672034408845717504	staps	STAPS	58	64
672034408845717504	supporterisme	supporterisme	89	103
672028491882373121	socionoel	SocioNoel	0	10
672027008482869248	socionoel	SocioNoel	0	10
672027008482869248	day2	Day2	11	16
672027733002711040	socionoel	SocioNoel	0	10
672027923579314176	socionoel	SocioNoel	0	10
672027923579314176	day3	Day3	58	63
672027923579314176	teaser	Teaser	64	71
672026905336537088	socionoel	SocioNoel	33	43
672023768139567106	socionoel	SocioNoel	3	13
672021556776804352	socionoel	SocioNoël	2	12
671998090891665408	socionoel	SocioNoel	0	10
671998090891665408	day1	day1	23	28
672004250109538304	inshape	inshape	76	84
672006374809800704	socionoel	SocioNoel	126	136
672019403479908352	socionoel	SocioNoel	29	39
672018248448217088	socionoel	SocioNoel	0	10
672008792347951105	socionoel	SocioNoel	0	10
672008792347951105	sociologie	sociologie	66	77
672015142507421696	socionoel	SocioNoel	11	21
672013618616115200	socionoel	SocioNoel	0	10
672009496311537664	socionoel	SocioNoel	106	116
672006250767495169	socionoel	socionoel	0	10
672006095653728256	socionoel	SocioNoel	0	10
672005810768203776	socionoel	socionoel	0	10
672004705531351040	socionoel	SocioNoel	0	10
672003600294535168	socionoel	SocioNoel	0	10
671741174445666305	socionoel	SocioNoel	69	79
671988518709784577	socionoel	SocioNoël	100	110
672002660732641280	socionoel	SocioNoël	122	132
672001961957400576	socionoel	SocioNoel	7	17
672001228549832704	socionoel	SocioNoel	20	30
671998880653946880	socionoel	SocioNoel	103	113
671998569126060035	socionoel	SocioNoel	62	72
671996925382696960	socionoel	SocioNoel	128	138
671996330861010944	socionoel	SocioNoel	55	65
671995616231350272	socionoel	SocioNoel	101	111
671995341995159555	socionoel	SocioNoel	0	10
671992745158922240	socionoel	SocioNoel	25	35
671992320296927232	socionoel	SocioNoel	0	10
671988678533750784	socionoel	SocioNoel	30	40
671991922492383234	socionoel	SocioNoel	105	115
671991338313900032	socionoel	SocioNoël	42	52
671990210339696640	socionoel	SocioNoel	0	10
671990210339696640	jour2	Jour2	11	17
671986904213102593	socionoel	SocioNoel	21	31
671985635243237376	socionoel	SocioNoel	3	13
671979718464417792	socionoel	SocioNoel	62	72
671978317352992768	socionoel	SocioNoel	0	10